time,sym,bidSize,bidPrice,askSize,askPrice
06:00:00,GE,500,1484,508,1488
06:00:04,JPM,500,2658,506,2660
06:00:19,LYG,350,239,354,247
06:00:19,BMO,100,2729,108,2733
06:00:37,BP,200,676,202,680
06:00:44,IBM,400,993,402,997
06:01:01,IBM,50,2813,52,2821
06:01:02,JPM,150,2102,158,2108
06:01:15,BABA,100,1032,106,1040
06:01:22,APPL,150,9,160,13
06:01:31,JPM,400,2684,406,2688
06:01:32,LYG,500,1777,510,1787
06:01:37,BHP,250,1602,260,1610
06:01:55,IBM,350,1168,356,1178
06:02:04,BHP,500,1193,508,1201
06:03:17,BABA,400,1837,404,1847
06:03:29,GE,200,510,204,512
06:03:29,APPL,50,404,60,412
06:03:35,LYG,350,655,358,659
06:03:46,JPM,300,1028,310,1038
06:03:52,IBM,350,22,354,32
06:04:11,IBM,450,2914,458,2920
06:04:12,BABA,400,224,402,232
06:04:13,BRK-A,100,883,106,889
06:04:13,BMO,250,1217,254,1219
06:04:27,BABA,200,65,202,69
06:04:41,BABA,150,2766,156,2772
06:04:43,BHP,450,2965,456,2969
06:04:44,GE,350,1549,360,1555
06:04:46,BP,50,1949,60,1953
06:04:52,BP,50,804,52,810
06:04:59,BABA,150,1133,158,1143
06:04:59,BP,100,2486,110,2494
06:05:03,LYG,450,1559,456,1561
06:05:05,BHP,350,426,356,430
06:05:26,BP,250,122,260,128
06:05:39,IBM,350,2106,356,2110
06:05:40,IBM,200,408,210,412
06:06:20,BMO,300,2886,308,2896
06:06:27,GE,50,1552,58,1554
06:06:38,LYG,100,2625,108,2627
06:06:48,BABA,250,855,258,865
06:06:53,BABA,150,893,154,901
06:07:03,BMO,250,2981,252,2987
06:07:06,BP,500,1879,510,1889
06:07:07,BMO,50,859,54,861
06:07:11,BP,500,2492,502,2494
06:07:25,JPM,200,495,206,503
06:07:32,BRK-A,100,12,106,14
06:08:06,APPL,350,1555,352,1557
06:08:15,IBM,150,417,158,421
06:08:24,BHP,150,264,156,266
06:08:34,JPM,200,2115,206,2123
06:08:36,APPL,500,999,504,1001
06:08:44,BHP,150,2369,154,2371
06:08:49,JPM,200,466,206,476
06:09:00,IBM,150,2997,154,2999
06:09:01,GE,500,395,508,397
06:09:03,BABA,200,1500,208,1504
06:09:15,LYG,300,2030,302,2034
06:09:31,JPM,500,741,510,751
06:09:35,APPL,50,969,56,975
06:09:37,JPM,350,320,356,326
06:09:37,BP,500,1992,508,1996
06:09:37,BABA,350,117,360,123
06:10:19,LYG,100,1255,102,1259
06:10:56,IBM,50,932,52,942
06:10:56,BMO,250,1364,256,1372
06:10:58,APPL,50,1925,56,1935
06:11:10,LYG,450,237,456,243
06:11:16,BMO,400,2342,408,2346
06:11:40,BP,350,2351,352,2357
06:11:42,BHP,300,1410,302,1412
06:11:47,BRK-A,400,136,402,146
06:11:50,IBM,150,899,154,905
06:11:51,JPM,500,92,510,100
06:11:53,LYG,250,76,254,86
06:12:05,BHP,250,682,252,684
06:12:07,JPM,200,430,208,432
06:12:09,GE,50,1518,60,1524
06:12:29,BRK-A,150,1076,160,1078
06:12:40,IBM,500,1288,506,1294
06:12:44,BMO,450,30,454,34
06:13:02,IBM,300,263,306,267
06:13:14,BRK-A,300,821,304,829
06:13:14,BHP,150,1151,156,1157
06:13:22,JPM,350,385,360,393
06:13:59,LYG,150,2680,152,2684
06:14:02,JPM,400,1479,408,1485
06:14:22,BMO,250,1199,260,1203
06:14:22,APPL,300,1384,308,1394
06:14:23,BABA,500,2148,502,2152
06:14:24,BMO,250,218,260,222
06:14:25,IBM,300,2349,310,2359
06:14:33,BRK-A,300,701,306,711
06:14:45,IBM,500,931,508,939
06:14:49,BRK-A,500,2054,506,2064
06:14:52,BMO,450,1290,456,1294
06:14:54,BP,500,1174,508,1180
06:15:31,GE,200,1784,206,1792
06:15:37,BMO,450,2637,452,2645
06:15:45,BRK-A,300,1999,304,2009
06:16:03,APPL,350,1305,354,1309
06:16:14,JPM,450,2685,454,2693
06:16:28,LYG,500,2240,510,2250
06:16:29,BMO,200,870,202,880
06:16:37,BP,50,2194,54,2204
06:17:34,BMO,200,1434,210,1438
06:17:51,IBM,350,2020,354,2022
06:17:51,BHP,500,707,510,711
06:18:07,BRK-A,500,165,506,169
06:18:28,BMO,200,1403,204,1411
06:18:43,IBM,450,1624,456,1632
06:18:46,BABA,100,108,108,114
06:18:54,BP,50,829,60,837
06:19:08,BHP,450,255,452,261
06:19:09,BABA,350,232,360,236
06:19:17,GE,450,1026,452,1034
06:19:22,JPM,350,2385,360,2387
06:19:26,LYG,500,2172,510,2182
06:19:38,BHP,350,248,358,252
06:19:47,BP,100,2455,104,2459
06:20:00,BHP,50,1052,54,1058
06:20:08,BHP,50,2341,54,2349
06:20:10,JPM,150,38,158,46
06:20:13,BHP,300,126,302,128
06:20:16,BMO,200,2223,210,2231
06:20:19,BHP,150,1903,154,1913
06:20:20,BRK-A,50,1680,52,1684
06:20:24,JPM,100,2756,108,2758
06:20:24,APPL,50,1263,54,1265
06:20:28,BABA,500,48,506,56
06:20:33,GE,400,1788,404,1794
06:21:23,IBM,400,2324,406,2326
06:21:27,JPM,100,2735,108,2737
06:22:00,BABA,200,2885,202,2891
06:22:08,IBM,200,1772,202,1780
06:22:13,BMO,50,1997,52,2005
06:22:18,BABA,150,1831,156,1839
06:22:27,BABA,500,1490,506,1494
06:22:46,BHP,200,709,208,711
06:23:16,IBM,200,607,208,613
06:23:16,BABA,50,471,60,477
06:23:18,IBM,100,1669,104,1679
06:23:26,GE,450,2726,452,2730
06:23:57,BP,200,447,206,451
06:24:00,BRK-A,100,461,102,467
06:24:07,BRK-A,50,944,54,954
06:24:08,BMO,250,1862,254,1866
06:24:23,BMO,250,1193,258,1203
06:24:41,LYG,450,417,460,421
06:24:58,BMO,300,2240,310,2248
06:25:15,BP,250,2201,252,2209
06:25:34,BRK-A,450,1593,458,1603
06:26:21,BRK-A,200,2753,206,2761
06:26:38,IBM,50,2587,56,2593
06:26:58,BP,250,1566,258,1570
06:27:06,BABA,100,1763,108,1769
06:27:09,JPM,400,1633,406,1641
06:27:14,BP,450,1566,460,1572
06:27:24,BRK-A,300,35,304,43
06:27:31,BHP,100,1303,106,1307
06:27:57,BHP,250,2107,258,2111
06:28:00,APPL,400,2786,410,2792
06:28:09,BMO,450,2628,452,2632
06:28:10,IBM,200,1470,208,1472
06:28:12,GE,300,586,304,594
06:28:17,BMO,450,1237,452,1241
06:28:19,BP,350,2090,358,2096
06:28:20,IBM,200,1159,202,1167
06:28:29,GE,100,1433,108,1441
06:28:36,BP,50,1484,52,1494
06:28:55,BHP,200,1430,206,1436
06:29:17,BHP,50,325,52,335
06:29:27,BABA,450,1942,460,1944
06:29:34,IBM,50,75,58,77
06:29:51,BHP,500,2791,510,2795
06:30:01,GE,300,230,308,234
06:30:10,LYG,100,2337,110,2339
06:30:22,BRK-A,100,2962,104,2966
06:31:00,BHP,450,455,460,463
06:31:07,BP,150,450,154,460
06:31:19,BABA,50,1040,56,1050
06:31:27,JPM,150,1229,160,1235
06:31:31,BABA,100,1459,104,1461
06:31:37,BABA,350,1625,360,1631
06:31:42,BRK-A,400,948,404,958
06:32:48,BRK-A,50,992,60,996
06:32:51,LYG,50,258,58,264
06:32:52,IBM,350,1853,360,1863
06:32:57,BMO,100,1606,102,1610
06:33:32,BABA,450,1164,452,1168
06:33:35,IBM,150,1689,154,1695
06:34:01,BABA,500,2355,502,2365
06:34:17,BRK-A,200,1799,204,1809
06:34:18,BMO,500,1352,508,1356
06:34:18,BRK-A,250,573,254,577
06:34:39,JPM,300,198,310,208
06:34:46,LYG,50,131,58,141
06:34:49,LYG,300,1541,308,1549
06:35:03,BRK-A,500,2642,504,2650
06:35:12,GE,50,903,58,905
06:35:22,IBM,300,593,308,603
06:35:26,IBM,400,251,408,253
06:35:54,APPL,100,1961,110,1969
06:36:04,APPL,400,1343,404,1345
06:36:04,BHP,100,69,108,71
06:36:09,BHP,100,2574,110,2578
06:36:34,APPL,450,444,454,448
06:36:35,GE,500,454,502,464
06:36:47,BMO,200,1759,210,1769
06:36:47,IBM,50,1059,60,1065
06:36:55,BRK-A,100,577,104,579
06:37:14,BP,200,2794,204,2798
06:37:14,BMO,250,1428,252,1434
06:37:36,GE,300,1980,306,1988
06:37:38,BRK-A,150,235,152,237
06:37:50,BABA,150,1297,156,1299
06:37:54,BHP,150,2991,154,2995
06:38:16,APPL,300,805,304,809
06:38:30,BHP,400,45,408,47
06:38:51,BABA,50,1303,54,1307
06:38:54,BHP,400,2564,410,2572
06:38:56,APPL,300,2848,310,2852
06:38:59,APPL,450,851,456,859
06:39:52,BP,250,751,258,759
06:40:02,APPL,500,95,510,97
06:40:15,BP,150,1279,156,1283
06:40:24,JPM,500,322,508,326
06:40:52,BABA,350,2170,360,2174
06:41:00,IBM,400,1290,406,1296
06:41:19,JPM,150,1061,152,1067
06:41:24,BHP,200,1724,208,1728
06:41:30,LYG,450,158,454,164
06:41:33,BHP,450,2129,458,2131
06:41:40,BMO,500,268,506,278
06:41:44,BP,150,1941,160,1951
06:41:45,BRK-A,350,138,352,146
06:41:49,GE,350,1338,358,1340
06:42:04,APPL,50,1949,60,1959
06:42:05,BP,350,298,356,308
06:42:13,BABA,150,2993,158,3003
06:42:23,LYG,150,2145,158,2155
06:42:35,GE,200,2058,210,2062
06:42:37,IBM,400,1632,402,1642
06:42:45,GE,350,2264,358,2272
06:42:59,BRK-A,100,2157,106,2161
06:43:02,BHP,350,615,360,619
06:43:24,BHP,100,1455,106,1463
06:43:43,BP,500,2522,510,2524
06:43:49,BHP,100,553,106,563
06:43:50,BP,100,1648,110,1656
06:44:21,GE,200,2599,210,2603
06:44:45,LYG,100,1171,104,1173
06:45:08,GE,200,1834,202,1838
06:45:16,IBM,100,50,108,52
06:45:16,LYG,200,826,210,832
06:45:17,BMO,200,999,210,1003
06:45:34,BABA,400,434,404,436
06:45:42,JPM,50,2792,52,2796
06:45:47,GE,100,1441,102,1451
06:45:48,BMO,450,769,458,779
06:46:50,LYG,100,1694,108,1698
06:47:17,BP,400,2961,406,2963
06:47:21,BHP,100,2502,110,2510
06:47:54,BRK-A,100,1725,106,1735
06:47:57,BP,100,63,110,69
06:48:07,BHP,200,612,202,616
06:48:13,APPL,350,2612,360,2616
06:48:23,BHP,100,2799,104,2809
06:48:38,IBM,250,303,254,311
06:48:55,BMO,250,391,252,393
06:49:04,APPL,500,2257,506,2267
06:49:24,IBM,150,1675,156,1679
06:49:48,GE,150,2034,152,2042
06:50:01,BP,500,583,508,587
06:50:22,BMO,300,771,310,777
06:50:23,BABA,200,2498,206,2502
06:50:29,APPL,200,2578,208,2580
06:50:30,BHP,400,650,404,658
06:51:12,BMO,500,2987,508,2993
06:51:15,BP,450,1748,458,1752
06:51:21,BRK-A,200,1938,204,1940
06:51:24,LYG,450,2436,458,2442
06:51:34,BRK-A,200,2180,208,2184
06:51:40,IBM,350,2579,360,2583
06:51:53,BABA,450,805,456,807
06:52:09,IBM,100,1907,102,1913
06:52:11,BP,200,317,208,327
06:52:13,BHP,50,488,56,498
06:52:25,GE,350,376,356,378
06:52:42,APPL,150,1999,154,2009
06:52:46,IBM,250,1239,256,1245
06:52:51,JPM,200,1954,206,1962
06:52:52,BMO,450,1228,460,1236
06:53:04,APPL,350,980,352,986
06:53:10,LYG,400,495,410,497
06:53:34,GE,350,915,352,923
06:53:49,JPM,250,1413,258,1423
06:54:06,JPM,450,2396,458,2398
06:54:10,BHP,250,2160,260,2162
06:54:15,BHP,150,863,158,871
06:54:16,IBM,100,712,110,718
06:54:41,BRK-A,200,2021,202,2029
06:54:52,BP,400,289,408,295
06:54:53,BHP,100,2799,108,2801
06:54:53,GE,250,2019,260,2025
06:54:55,BP,500,1062,510,1066
06:54:58,BRK-A,100,1852,108,1860
06:55:19,BHP,400,1921,402,1931
06:55:48,IBM,50,2524,60,2530
06:56:03,BHP,100,1825,108,1831
06:56:08,GE,500,123,504,125
06:56:11,BRK-A,250,1267,256,1271
06:56:24,APPL,150,367,160,369
06:56:33,BHP,300,2888,302,2890
06:56:34,JPM,400,2223,408,2229
06:56:38,IBM,150,1488,156,1492
06:56:44,LYG,250,1819,260,1827
06:57:20,APPL,300,346,302,352
06:57:20,BRK-A,50,2320,56,2328
06:57:40,GE,150,2023,160,2025
06:58:10,APPL,300,363,308,367
06:58:17,BHP,300,1283,302,1287
06:58:49,BMO,100,2647,102,2655
06:59:11,GE,50,2852,54,2858
06:59:22,BP,450,1307,456,1311
06:59:32,JPM,250,988,256,990
06:59:36,BABA,400,298,406,306
06:59:47,BP,200,2673,208,2679
06:59:51,GE,200,31,208,35
06:59:51,BRK-A,350,2536,352,2540
06:59:55,APPL,250,999,260,1009
07:00:06,BHP,350,2060,354,2064
07:00:14,BHP,450,2873,452,2877
07:00:51,BHP,500,1109,504,1113
07:00:55,BHP,100,784,104,792
07:00:59,BP,500,328,508,330
07:01:08,BMO,450,1522,456,1524
07:01:14,APPL,50,2153,54,2161
07:01:33,JPM,50,848,60,856
07:01:52,JPM,300,47,302,51
07:02:45,BMO,250,1819,254,1829
07:02:56,BHP,250,1108,252,1112
07:03:14,LYG,450,1439,456,1443
07:03:19,JPM,150,897,160,907
07:03:23,BHP,500,311,502,321
07:03:45,IBM,300,2360,310,2364
07:03:50,IBM,350,2890,354,2898
07:03:56,APPL,100,799,104,803
07:04:02,BMO,50,1431,60,1437
07:04:02,LYG,100,2547,106,2553
07:04:19,LYG,250,406,260,408
07:04:39,IBM,350,2296,354,2302
07:05:04,BRK-A,250,1987,258,1991
07:05:23,LYG,350,2313,360,2323
07:05:39,BHP,450,2482,456,2484
07:05:47,IBM,400,2052,410,2054
07:06:05,APPL,450,2425,454,2429
07:06:08,BABA,50,923,58,925
07:06:08,BP,150,2870,156,2872
07:06:22,BP,350,601,354,605
07:06:32,BRK-A,250,1939,260,1945
07:06:42,LYG,50,1408,58,1418
07:07:17,APPL,150,627,152,631
07:08:41,GE,350,2732,356,2740
07:08:47,JPM,150,2796,152,2798
07:09:04,BHP,200,1032,210,1036
07:09:12,IBM,100,2191,102,2199
07:09:14,BRK-A,150,1902,158,1912
07:09:18,APPL,300,1631,308,1641
07:09:41,APPL,250,900,260,904
07:09:47,BRK-A,100,1046,106,1056
07:10:00,BRK-A,250,1192,260,1198
07:10:21,BRK-A,150,1302,156,1304
07:10:22,IBM,100,2714,108,2724
07:10:28,BHP,50,1437,54,1441
07:10:33,BHP,300,764,308,770
07:10:36,BRK-A,300,2256,310,2266
07:10:43,BHP,300,2078,304,2080
07:10:47,BRK-A,50,1923,56,1933
07:10:56,JPM,450,457,456,459
07:10:59,IBM,200,2683,206,2687
07:11:00,IBM,300,2718,304,2728
07:11:09,GE,150,2009,154,2019
07:11:19,JPM,500,53,502,59
07:12:13,BABA,400,508,410,516
07:12:16,LYG,450,2681,458,2691
07:12:28,BRK-A,400,259,404,265
07:12:32,APPL,250,2515,258,2521
07:12:35,GE,350,924,352,934
07:12:43,LYG,450,312,460,314
07:13:03,BABA,300,2473,306,2479
07:13:23,BABA,50,2014,58,2024
07:13:41,BMO,450,1760,454,1770
07:13:43,JPM,100,2567,110,2571
07:13:47,APPL,250,1045,260,1053
07:13:50,BRK-A,50,1964,60,1972
07:13:57,BMO,400,2712,406,2714
07:14:24,BABA,500,2946,504,2954
07:14:27,GE,150,1298,160,1300
07:14:30,BRK-A,150,373,152,379
07:14:31,BMO,50,2350,60,2352
07:14:39,APPL,400,267,408,269
07:14:59,BABA,250,2392,254,2394
07:15:02,APPL,50,2977,60,2979
07:15:20,BP,50,2996,56,3004
07:15:35,JPM,100,2927,102,2931
07:15:43,LYG,450,765,458,767
07:16:00,APPL,500,1876,508,1886
07:16:19,BP,400,570,408,580
07:16:29,BRK-A,400,2940,402,2942
07:16:34,APPL,450,253,452,257
07:16:51,GE,50,1551,54,1561
07:16:55,IBM,400,2898,402,2900
07:16:58,BHP,400,1071,408,1081
07:17:00,BHP,400,2076,406,2080
07:17:04,GE,250,2217,254,2221
07:17:05,BHP,350,1483,360,1493
07:17:11,GE,250,2767,254,2775
07:17:22,GE,500,226,502,234
07:17:24,IBM,50,133,56,141
07:17:31,BMO,400,2467,402,2475
07:17:57,JPM,200,1342,208,1344
07:18:02,GE,450,158,456,162
07:18:05,LYG,350,1161,352,1171
07:18:15,BMO,250,160,258,168
07:18:26,GE,50,303,52,313
07:18:50,GE,300,974,304,980
07:18:57,BMO,400,749,410,757
07:19:01,BP,50,1175,56,1177
07:19:02,JPM,100,2257,104,2265
07:19:18,BABA,400,2344,410,2350
07:19:34,BRK-A,100,2291,104,2297
07:19:54,BHP,300,531,302,535
07:20:03,BABA,450,42,456,44
07:20:19,BABA,400,1508,406,1512
07:20:24,BRK-A,400,1114,406,1124
07:20:37,APPL,250,1252,256,1256
07:21:15,BMO,50,1811,58,1813
07:21:16,APPL,100,93,106,95
07:21:19,BRK-A,500,2151,506,2153
07:21:20,GE,50,1190,56,1196
07:21:30,LYG,100,2820,102,2826
07:21:46,APPL,500,1499,506,1503
07:21:55,BRK-A,450,1195,454,1197
07:22:18,BABA,100,2499,108,2503
07:22:26,IBM,150,836,154,844
07:22:52,BHP,150,2103,154,2107
07:23:08,GE,250,1635,256,1639
07:23:12,BHP,300,37,306,43
07:23:12,BHP,300,1420,308,1424
07:23:13,APPL,300,2577,308,2585
07:23:17,APPL,50,623,54,631
07:23:22,APPL,400,2858,404,2862
07:23:50,BP,500,731,502,733
07:24:03,JPM,150,2203,160,2213
07:24:08,JPM,400,703,408,707
07:24:16,JPM,450,1213,458,1215
07:24:21,LYG,350,2625,352,2631
07:24:33,BRK-A,350,118,356,126
07:24:33,BMO,250,1210,260,1214
07:24:35,BABA,500,2491,510,2501
07:24:54,BMO,400,1163,402,1165
07:25:09,BABA,100,2809,106,2813
07:25:35,BMO,100,989,106,995
07:26:08,APPL,400,2673,406,2677
07:26:25,BRK-A,100,1179,102,1187
07:26:45,BMO,450,284,452,288
07:27:11,IBM,100,2603,102,2609
07:27:18,APPL,150,2628,158,2632
07:27:25,GE,350,2437,356,2447
07:27:41,IBM,350,700,360,710
07:27:45,APPL,100,1498,108,1500
07:28:20,JPM,50,2939,52,2945
07:28:26,LYG,350,505,358,513
07:28:33,BP,500,497,510,499
07:29:14,BP,200,1638,202,1640
07:29:20,BRK-A,300,1576,310,1584
07:29:31,APPL,500,1298,502,1306
07:29:32,BRK-A,350,1422,354,1432
07:29:42,GE,200,2394,202,2396
07:29:45,IBM,450,1211,454,1213
07:29:58,JPM,100,1799,104,1807
07:30:55,BMO,300,158,306,164
07:30:58,APPL,350,1837,358,1845
07:31:33,IBM,200,31,202,33
07:31:39,BRK-A,150,2821,160,2829
07:31:44,GE,150,431,158,437
07:31:44,JPM,350,2323,352,2331
07:31:53,IBM,200,253,204,255
07:32:05,GE,100,809,106,817
07:32:12,LYG,50,847,54,857
07:32:18,BMO,450,2723,454,2725
07:32:32,BMO,50,2634,52,2644
07:32:51,BP,500,2339,508,2341
07:32:54,BP,300,1437,302,1443
07:32:56,APPL,100,2882,106,2890
07:33:13,GE,350,2821,356,2829
07:33:24,BMO,50,1718,58,1724
07:33:35,BP,400,2301,404,2305
07:33:47,APPL,150,1129,152,1139
07:34:17,JPM,300,1948,310,1952
07:34:24,APPL,100,732,110,734
07:34:40,LYG,150,2846,156,2854
07:34:40,BHP,100,952,106,960
07:34:42,GE,250,940,260,948
07:34:52,LYG,350,2422,356,2426
07:34:56,APPL,50,2941,58,2951
07:35:28,BABA,150,46,158,50
07:35:35,BRK-A,150,2739,160,2743
07:35:49,BRK-A,450,660,458,668
07:35:49,BRK-A,50,1915,52,1917
07:36:19,LYG,400,925,402,931
07:36:42,GE,350,1041,360,1049
07:36:43,LYG,100,2461,110,2467
07:36:46,BMO,400,1739,402,1741
07:37:13,APPL,250,1650,252,1660
07:37:26,JPM,50,1146,60,1152
07:38:01,IBM,350,1594,358,1604
07:38:12,LYG,300,2554,304,2560
07:38:24,BRK-A,200,1462,208,1468
07:38:32,BRK-A,350,1898,352,1906
07:38:45,BABA,100,969,106,975
07:39:02,GE,500,2116,510,2118
07:39:26,BP,400,1209,406,1219
07:39:56,LYG,500,2216,504,2224
07:40:09,BMO,100,2377,104,2379
07:40:14,JPM,350,412,360,414
07:40:15,JPM,450,417,452,419
07:40:43,LYG,500,410,502,418
07:40:47,LYG,150,79,160,85
07:40:49,BP,200,2764,206,2766
07:40:59,BMO,350,2827,358,2831
07:41:00,BABA,100,206,106,208
07:41:29,GE,200,1308,204,1316
07:41:31,APPL,150,81,158,85
07:41:37,LYG,150,1998,156,2002
07:41:49,JPM,400,1711,406,1719
07:41:55,GE,350,1875,360,1877
07:41:59,BRK-A,450,1327,458,1333
07:42:01,JPM,150,1313,156,1319
07:42:15,LYG,450,1040,460,1042
07:42:15,GE,500,817,502,825
07:42:19,APPL,150,2156,152,2162
07:42:23,JPM,150,2289,158,2291
07:42:27,BP,350,839,360,845
07:42:37,GE,450,2789,458,2793
07:42:39,BP,500,2258,502,2266
07:42:44,BMO,100,958,108,962
07:42:48,IBM,300,337,310,341
07:43:02,APPL,250,1032,254,1042
07:43:07,GE,300,2268,306,2272
07:43:16,APPL,150,1965,154,1971
07:43:22,BHP,200,2233,202,2241
07:43:23,BP,250,1060,252,1062
07:43:30,BMO,450,332,460,336
07:43:34,BMO,400,2551,402,2557
07:43:35,BABA,250,1738,256,1744
07:43:59,IBM,300,790,306,796
07:43:59,BP,100,2980,108,2986
07:44:06,IBM,150,577,152,579
07:44:08,APPL,450,2413,456,2417
07:44:11,IBM,150,1765,154,1773
07:44:11,BP,400,1393,402,1403
07:44:24,JPM,250,1949,254,1953
07:44:38,BMO,400,2189,410,2195
07:44:41,GE,500,1962,508,1970
07:45:04,BABA,150,32,158,42
07:45:06,BRK-A,500,1977,510,1979
07:45:10,IBM,400,614,410,624
07:45:11,BMO,300,2589,310,2591
07:45:25,JPM,450,2012,460,2014
07:45:33,BRK-A,350,2880,356,2890
07:45:42,JPM,300,2454,304,2460
07:45:49,APPL,50,25,54,29
07:46:05,IBM,100,490,110,500
07:46:10,BHP,450,323,460,329
07:46:27,JPM,250,1873,252,1881
07:46:37,BABA,500,1080,506,1086
07:46:53,BMO,500,847,506,849
07:47:10,IBM,150,989,152,991
07:47:22,LYG,150,1080,160,1084
07:47:25,BMO,350,182,360,192
07:47:27,APPL,250,542,258,546
07:47:33,JPM,200,191,202,193
07:47:34,IBM,200,2904,208,2914
07:47:46,BMO,500,428,510,432
07:47:53,BABA,300,205,304,207
07:47:55,BP,100,534,106,540
07:48:15,BRK-A,450,718,452,722
07:48:17,BP,250,634,252,636
07:48:26,BHP,200,1415,208,1419
07:48:30,BMO,50,2151,58,2157
07:48:35,BMO,300,146,302,150
07:48:39,GE,350,2688,354,2694
07:48:49,BMO,50,2907,60,2915
07:48:57,BP,500,799,506,801
07:49:21,APPL,350,2612,358,2622
07:49:54,APPL,400,195,404,203
07:50:13,BABA,200,100,210,104
07:50:29,IBM,150,1640,160,1642
07:50:36,BHP,350,2476,354,2478
07:50:40,BABA,400,947,402,953
07:50:41,BRK-A,450,2384,452,2390
07:51:01,IBM,500,8,510,10
07:51:13,BP,150,2194,158,2196
07:51:15,LYG,500,2893,504,2901
07:51:21,BABA,450,2224,454,2232
07:51:23,JPM,200,1327,208,1329
07:51:56,LYG,200,2662,210,2672
07:52:04,LYG,250,918,254,924
07:52:06,BP,450,2896,452,2898
07:52:20,BRK-A,350,1602,354,1610
07:52:31,BP,150,349,156,355
07:52:37,BHP,50,2096,56,2102
07:52:40,BMO,250,1587,256,1589
07:52:45,GE,250,718,260,720
07:52:56,APPL,300,690,306,694
07:52:57,BP,50,978,58,980
07:53:14,BABA,300,2884,304,2894
07:53:33,BHP,350,2218,354,2228
07:53:43,GE,450,2063,458,2073
07:54:12,IBM,50,2096,60,2104
07:54:15,IBM,500,1185,510,1195
07:54:16,IBM,400,837,404,843
07:54:16,IBM,50,1568,54,1572
07:54:45,BMO,250,800,256,802
07:54:49,JPM,300,2188,304,2198
07:54:54,BMO,200,986,210,992
07:55:03,LYG,300,362,310,364
07:55:11,IBM,150,711,154,719
07:55:13,BHP,100,2045,104,2051
07:55:25,APPL,400,1294,408,1298
07:55:27,BP,450,965,458,973
07:55:28,BMO,500,1229,510,1235
07:55:29,BP,350,1457,352,1461
07:55:34,BP,100,2642,108,2648
07:55:49,GE,350,937,360,943
07:55:51,IBM,350,911,352,915
07:55:57,BMO,100,1647,110,1657
07:56:06,LYG,500,108,502,112
07:56:07,GE,500,910,510,918
07:56:46,BMO,300,1251,302,1259
07:57:01,BHP,350,587,356,591
07:57:02,BABA,150,1900,154,1904
07:57:16,APPL,450,2425,458,2433
07:57:28,BHP,400,1147,404,1153
07:57:41,APPL,450,1984,456,1990
07:57:42,BP,150,1881,154,1883
07:57:45,IBM,300,933,308,941
07:57:47,LYG,200,2259,206,2267
07:57:49,BMO,450,2727,454,2737
07:57:51,BMO,250,1298,254,1300
07:57:53,JPM,500,346,506,350
07:57:56,IBM,500,847,502,849
07:58:30,IBM,150,1909,156,1911
07:58:38,BABA,250,947,256,949
07:58:41,JPM,450,1033,456,1041
07:58:45,APPL,500,21,502,29
07:58:46,APPL,450,395,458,401
07:58:47,BP,250,91,252,99
07:58:56,IBM,150,2522,156,2532
07:59:04,GE,300,2728,302,2730
07:59:05,BHP,150,2023,156,2029
07:59:15,GE,400,1267,406,1275
07:59:15,BP,500,571,502,577
07:59:25,BRK-A,200,956,204,964
07:59:34,BP,200,434,208,438
07:59:35,APPL,350,1521,356,1523
07:59:44,BHP,50,2673,56,2681
07:59:47,BHP,50,728,54,732
07:59:49,APPL,500,1560,506,1562
08:00:06,JPM,300,989,310,993
08:00:07,LYG,100,180,110,182
08:00:15,LYG,100,1778,108,1788
08:00:25,BMO,150,1762,152,1768
08:01:19,BRK-A,100,1779,104,1789
08:01:20,APPL,500,1161,502,1163
08:01:29,BP,300,1835,304,1839
08:02:17,GE,400,1396,402,1400
08:02:20,BHP,400,780,406,788
08:02:28,BP,200,1255,202,1265
08:02:31,IBM,100,71,110,75
08:02:38,IBM,150,692,160,698
08:02:48,BP,200,2759,208,2765
08:03:35,IBM,150,4,156,14
08:03:48,BMO,100,2888,108,2894
08:04:03,JPM,250,1278,254,1288
08:04:16,BRK-A,300,331,302,339
08:04:42,BRK-A,500,2334,502,2336
08:04:45,BMO,50,644,60,650
08:04:55,BP,100,514,104,524
08:05:02,LYG,350,2624,356,2634
08:05:29,BHP,450,2441,460,2449
08:05:32,IBM,500,1270,506,1272
08:06:02,IBM,150,427,156,433
08:06:25,IBM,500,2540,502,2548
08:06:34,APPL,100,1381,108,1389
08:06:40,BRK-A,500,2460,504,2462
08:06:50,BP,500,848,504,852
08:06:56,BHP,400,2478,406,2488
08:07:06,BRK-A,100,2027,106,2031
08:07:14,BRK-A,400,1381,410,1391
08:07:19,BP,100,2934,104,2942
08:07:22,LYG,200,1590,210,1596
08:07:29,BHP,150,1077,156,1081
08:07:33,APPL,300,2656,304,2662
08:07:33,JPM,50,2587,56,2595
08:07:35,BABA,400,1036,406,1042
08:07:38,APPL,400,1425,402,1431
08:07:50,APPL,200,2976,204,2978
08:07:50,BP,500,1680,510,1686
08:07:59,BP,250,93,260,103
08:08:04,BMO,100,2422,106,2426
08:08:58,BABA,350,2356,356,2366
08:09:08,BRK-A,200,142,210,144
08:09:18,JPM,400,888,408,898
08:09:19,BHP,500,1692,510,1694
08:09:32,APPL,50,1134,56,1144
08:09:32,BMO,250,997,256,999
08:09:35,BMO,50,35,60,41
08:09:41,BP,300,2901,310,2905
08:09:52,IBM,500,1116,508,1126
08:10:01,BHP,400,1451,408,1453
08:10:23,BHP,300,2432,302,2440
08:10:38,BMO,150,1330,158,1340
08:10:40,IBM,400,1683,404,1687
08:10:52,APPL,250,418,256,428
08:10:53,BMO,250,1162,256,1166
08:10:59,LYG,500,1057,508,1059
08:10:59,BMO,100,1415,102,1423
08:11:09,BHP,300,1544,304,1550
08:11:10,LYG,100,863,106,869
08:11:12,BABA,200,2390,202,2400
08:11:13,BP,50,1007,56,1015
08:11:24,IBM,150,1808,154,1812
08:11:24,BP,450,1941,454,1945
08:11:32,BP,350,2156,356,2164
08:12:03,BHP,350,1681,358,1691
08:12:06,BP,450,1080,458,1082
08:12:23,BABA,200,61,208,63
08:12:40,BHP,150,1537,154,1547
08:12:45,BRK-A,100,1242,110,1244
08:12:45,LYG,250,201,258,205
08:12:54,BHP,500,303,506,305
08:13:12,BABA,100,574,110,584
08:13:42,BHP,250,1117,260,1125
08:13:49,IBM,250,1691,258,1697
08:13:54,BABA,200,72,210,74
08:14:01,BMO,350,2592,354,2602
08:14:32,BMO,450,2720,460,2726
08:14:32,IBM,50,1943,54,1949
08:14:34,IBM,50,2068,52,2074
08:14:38,BMO,50,2868,52,2874
08:14:41,BRK-A,400,40,402,48
08:15:09,APPL,350,102,358,108
08:15:09,LYG,50,2071,52,2075
08:15:10,GE,200,2386,204,2390
08:15:20,BP,50,36,52,42
08:15:32,BP,200,1914,206,1916
08:15:53,BRK-A,150,737,152,739
08:16:06,BP,150,2419,158,2421
08:16:20,LYG,150,2501,154,2511
08:16:27,GE,350,2293,352,2295
08:16:49,BRK-A,350,1154,354,1158
08:17:27,BRK-A,350,2708,358,2710
08:17:49,JPM,450,2786,458,2788
08:17:58,BHP,250,1809,258,1813
08:18:12,IBM,250,27,254,35
08:18:16,BABA,500,2962,502,2966
08:18:42,JPM,100,2914,104,2916
08:19:10,JPM,200,541,206,549
08:19:16,LYG,400,2015,406,2017
08:19:41,BABA,350,1299,352,1307
08:19:42,JPM,100,1869,104,1879
08:19:54,BABA,450,2069,454,2079
08:19:55,APPL,400,999,410,1007
08:20:10,BRK-A,300,2756,306,2762
08:20:14,APPL,250,1288,254,1298
08:20:18,GE,300,2889,308,2895
08:20:40,BRK-A,500,1018,508,1022
08:20:47,BP,500,802,508,806
08:21:01,APPL,150,2423,154,2427
08:21:06,BMO,100,2348,106,2356
08:21:23,BMO,150,2183,152,2189
08:21:28,GE,350,1692,356,1700
08:21:40,BHP,500,2206,504,2208
08:21:43,APPL,450,1643,454,1645
08:21:46,JPM,350,462,354,472
08:21:53,APPL,200,80,204,82
08:21:56,BMO,200,2668,204,2670
08:22:05,BRK-A,50,2873,52,2883
08:22:36,BRK-A,100,1702,106,1710
08:23:12,BHP,100,1070,110,1080
08:23:18,IBM,300,1536,304,1542
08:23:25,IBM,350,1133,358,1135
08:23:26,BMO,400,93,402,97
08:23:30,LYG,200,1388,210,1392
08:24:00,JPM,450,2530,452,2534
08:25:13,GE,350,287,358,293
08:25:15,BP,500,1146,506,1150
08:25:19,IBM,250,2402,258,2406
08:25:33,IBM,500,2844,504,2854
08:25:56,BMO,400,684,402,692
08:26:00,BP,300,1697,302,1705
08:26:05,BRK-A,500,1950,504,1952
08:26:12,BMO,250,2326,252,2330
08:26:14,IBM,250,2127,260,2135
08:26:28,IBM,450,346,454,350
08:26:36,BHP,300,1360,308,1362
08:26:50,BABA,50,660,58,668
08:26:52,BRK-A,350,2548,354,2554
08:27:02,BHP,50,2253,60,2259
08:27:16,IBM,450,2987,454,2995
08:27:50,IBM,300,795,304,797
08:27:52,JPM,250,1573,260,1577
08:27:52,IBM,100,2805,106,2811
08:28:09,BABA,100,2958,106,2960
08:28:10,BMO,250,1204,260,1206
08:28:22,LYG,350,547,360,557
08:28:28,LYG,100,1787,108,1789
08:28:35,BABA,100,2468,104,2472
08:28:55,BP,200,2279,208,2287
08:29:01,BMO,150,1054,154,1056
08:29:21,BHP,100,1961,102,1963
08:29:31,BRK-A,400,273,410,277
08:29:34,LYG,100,294,104,296
08:29:41,BHP,100,2983,106,2987
08:29:42,BRK-A,250,1314,254,1318
08:29:47,BABA,450,2819,454,2823
08:29:52,LYG,450,1952,456,1954
08:29:58,BMO,100,283,102,289
08:30:09,BRK-A,450,2287,454,2293
08:30:16,APPL,150,1250,152,1258
08:30:25,BRK-A,100,2898,110,2900
08:30:33,APPL,100,2163,104,2173
08:30:40,LYG,300,1920,304,1930
08:30:45,IBM,250,678,256,688
08:31:17,BHP,50,989,56,997
08:31:44,BRK-A,300,1968,306,1976
08:32:04,LYG,100,2225,102,2229
08:32:18,BP,400,1817,410,1819
08:32:25,BMO,450,2774,458,2776
08:32:30,GE,450,1364,456,1366
08:32:33,BHP,300,15,306,23
08:32:34,BRK-A,200,20,204,24
08:32:56,GE,100,2799,102,2805
08:33:10,BHP,100,2388,110,2398
08:33:16,BMO,500,1488,504,1498
08:34:02,APPL,500,2409,504,2419
08:34:15,IBM,400,2105,410,2109
08:34:24,BMO,400,2488,408,2492
08:34:31,APPL,250,465,254,467
08:34:31,BMO,200,1847,202,1853
08:34:45,BHP,100,2765,104,2769
08:35:01,LYG,50,716,52,726
08:35:10,BHP,300,2968,306,2972
08:35:19,BABA,300,1397,310,1407
08:35:29,BABA,200,2398,202,2404
08:35:48,BP,200,2177,208,2187
08:35:49,BRK-A,150,2599,158,2605
08:36:01,APPL,300,1473,302,1475
08:36:03,IBM,100,1029,104,1039
08:36:37,BP,50,899,56,905
08:36:58,APPL,250,943,254,947
08:37:10,LYG,50,16,60,26
08:37:12,LYG,300,10,304,18
08:37:24,BRK-A,150,228,154,230
08:37:27,IBM,150,267,160,277
08:37:28,APPL,50,2511,56,2519
08:37:32,BP,350,40,358,44
08:37:33,APPL,100,720,108,722
08:37:40,BMO,150,567,160,569
08:37:55,JPM,200,1746,202,1754
08:38:03,BRK-A,400,2189,402,2191
08:38:29,BHP,50,448,58,452
08:38:30,APPL,350,911,354,913
08:38:31,LYG,500,2306,508,2310
08:38:50,BMO,150,2835,158,2839
08:39:01,BRK-A,100,1389,110,1391
08:39:03,BABA,50,186,56,188
08:39:06,JPM,150,1219,154,1225
08:39:12,BRK-A,100,2219,106,2225
08:39:29,BP,450,2083,458,2093
08:39:32,BP,300,234,310,238
08:39:43,BRK-A,300,2297,308,2299
08:39:55,BHP,500,149,504,151
08:39:58,BABA,450,1576,456,1582
08:40:03,BMO,400,1866,402,1868
08:40:24,BMO,250,2849,260,2853
08:40:38,JPM,450,1146,456,1148
08:40:53,APPL,200,2585,210,2591
08:41:22,BRK-A,150,2668,154,2674
08:41:29,GE,250,566,258,576
08:41:35,JPM,300,685,306,689
08:41:40,BHP,150,2797,158,2803
08:41:59,BABA,50,2435,54,2443
08:42:01,APPL,100,463,110,465
08:42:21,JPM,100,922,108,930
08:42:23,BMO,500,705,508,711
08:42:25,BP,300,297,310,303
08:42:31,GE,250,2165,252,2171
08:42:43,BMO,300,2251,310,2253
08:42:56,BRK-A,50,37,54,43
08:42:57,LYG,300,849,304,857
08:43:20,BRK-A,350,2478,352,2488
08:43:42,APPL,150,1828,154,1834
08:43:57,BHP,50,2932,60,2940
08:44:13,LYG,450,1812,454,1816
08:44:20,BRK-A,200,1702,206,1712
08:44:22,APPL,450,2130,456,2136
08:44:34,LYG,250,2508,258,2510
08:45:03,IBM,100,1981,108,1991
08:45:04,BP,500,1653,508,1655
08:45:04,BHP,350,834,358,840
08:45:05,GE,500,2610,508,2616
08:45:07,BP,150,2085,152,2089
08:45:09,BABA,450,886,454,890
08:45:16,BMO,100,706,106,716
08:45:26,APPL,500,2454,506,2464
08:46:12,BRK-A,50,1008,58,1010
08:46:26,LYG,400,2798,410,2800
08:46:28,BMO,300,1140,310,1150
08:46:51,BP,250,2808,254,2812
08:46:58,IBM,200,1801,210,1803
08:47:05,GE,350,1048,360,1056
08:47:23,BP,200,2306,210,2316
08:47:38,GE,250,219,256,229
08:47:39,BP,350,2186,356,2188
08:47:41,JPM,500,1707,510,1715
08:47:46,IBM,300,369,310,377
08:48:11,BP,250,664,252,672
08:48:13,BP,250,2387,256,2391
08:48:16,APPL,150,637,156,647
08:48:17,BP,500,1771,510,1781
08:48:19,GE,300,2196,308,2198
08:48:23,LYG,350,2300,358,2308
08:48:31,APPL,100,519,110,523
08:48:32,BRK-A,50,1343,52,1353
08:48:33,APPL,350,697,354,701
08:48:50,LYG,250,1528,260,1538
08:49:00,BHP,100,1070,102,1078
08:49:03,BRK-A,100,2367,102,2377
08:49:29,BRK-A,400,1026,408,1036
08:49:36,BHP,350,316,352,322
08:50:03,APPL,450,1232,452,1234
08:50:04,APPL,450,2233,456,2243
08:50:15,BRK-A,450,961,458,965
08:50:26,BP,200,699,206,707
08:50:33,BMO,250,2923,258,2931
08:50:40,BABA,400,1987,408,1997
08:50:43,BRK-A,350,2633,352,2637
08:50:53,JPM,300,2799,306,2809
08:51:15,BABA,450,2357,460,2367
08:51:31,BABA,100,1235,104,1245
08:51:42,IBM,100,1868,102,1878
08:52:02,BRK-A,300,597,310,607
08:52:02,BABA,500,2677,510,2683
08:52:05,GE,300,360,310,364
08:52:09,BP,300,2403,304,2407
08:52:28,BP,150,2918,156,2920
08:52:38,IBM,500,1529,502,1539
08:52:45,APPL,100,131,106,137
08:53:00,BHP,350,1991,360,1997
08:53:02,APPL,200,992,210,998
08:53:07,BMO,500,1030,506,1040
08:53:44,APPL,50,977,58,981
08:54:15,APPL,450,549,460,555
08:54:27,JPM,100,1295,104,1299
08:54:56,BMO,50,747,56,751
08:54:58,BMO,500,654,508,664
08:55:03,GE,150,885,158,895
08:55:13,JPM,450,2272,456,2276
08:55:20,GE,250,1632,260,1634
08:55:25,LYG,250,1861,258,1871
08:55:34,APPL,300,1094,302,1100
08:55:40,LYG,350,755,360,757
08:55:40,BP,250,2034,258,2040
08:55:42,IBM,450,1046,460,1052
08:55:44,IBM,300,1580,308,1590
08:56:03,APPL,350,356,354,366
08:56:57,APPL,350,1946,356,1956
08:57:00,BHP,400,1094,406,1100
08:57:06,BP,300,2180,304,2186
08:57:29,JPM,300,2582,306,2586
08:57:30,BRK-A,250,1383,252,1389
08:57:32,GE,250,2635,258,2645
08:57:42,BP,450,2938,454,2942
08:58:13,BP,450,2123,458,2129
08:58:34,BHP,200,1906,208,1908
08:58:41,BABA,350,1376,354,1380
08:58:45,BRK-A,500,1716,506,1722
08:58:48,BRK-A,200,2554,204,2558
08:58:51,JPM,250,606,258,610
08:58:55,GE,500,2184,510,2188
08:59:20,BHP,500,970,502,980
08:59:20,BABA,50,397,54,405
08:59:43,BRK-A,450,1978,458,1982
